{
  "src/__init__.py": 1777536610.9717662,
  "src/utils/config.py": 1777536620.3064458,
  "src/utils/__init__.py": 1777536612.9273138,
  "src/features/build_features.py": 1777537577.789099,
  "src/features/__init__.py": 1777536611.6696055,
  "src/data/load.py": 1777536625.1567643,
  "src/data/split.py": 1777536627.4553018,
  "src/data/__init__.py": 1777536611.3307686,
  "src/models/predict.py": 1777536645.7761643,
  "src/models/evaluate.py": 1777536648.6556284,
  "src/models/__init__.py": 1777536612.1375346,
  "src/models/train.py": 1777540200.415576
}